case_id,axis,baseline_stage,source_count,source_deletions_changing_stage,passage_deletions_changing_stage,observation_deletions_changing_stage,category_id,core_score,emerging_score
C0009-B01,TRL,4.0,1,1,1,3,F0297,90.92000000000002,80.35
C0009-B01,CRL,,1,0,0,0,F0297,90.92000000000002,80.35
C0493-B01,TRL,4.0,1,1,1,3,F0327,98.91,21.34
C0493-B01,CRL,,1,0,0,0,F0327,98.91,21.34
C0060-B01,TRL,4.0,1,1,1,3,F0377,99.23,39.51
C0060-B01,CRL,,1,0,0,0,F0377,99.23,39.51
C0067-B01,TRL,4.0,1,1,1,3,F0142,98.04,37.15
C0067-B01,CRL,,1,0,0,0,F0142,98.04,37.15
C0091-B01,TRL,4.0,1,1,1,3,F0082,22.91,8.959999999999999
C0091-B01,CRL,,1,0,0,0,F0082,22.91,8.959999999999999
C0098-B01,TRL,4.0,2,1,2,3,F0483,86.03,99.25
C0098-B01,CRL,,2,0,0,0,F0483,86.03,99.25
C0122-B01,TRL,4.0,1,1,1,3,F0013,82.39000000000001,70.03999999999999
C0122-B01,CRL,,1,0,0,0,F0013,82.39000000000001,70.03999999999999
C0124-B01,TRL,2.0,1,1,1,1,F0321,20.7,33.09
C0124-B01,CRL,,1,0,0,0,F0321,20.7,33.09
C0155-B01,TRL,4.0,1,1,1,3,F0208,96.23,65.97
C0155-B01,CRL,,1,0,0,0,F0208,96.23,65.97
C0593-B01,TRL,4.0,1,1,1,3,F0139,92.93,56.77
C0593-B01,CRL,,1,0,0,0,F0139,92.93,56.77
C0186-B01,TRL,,1,0,0,0,F0346,92.5,53.400000000000006
C0186-B01,CRL,,1,0,0,0,F0346,92.5,53.400000000000006
C0191-B01,TRL,6.0,1,1,1,4,F0078,88.93,50.940000000000005
C0191-B01,CRL,,1,0,0,0,F0078,88.93,50.940000000000005
C0210-B01,TRL,4.0,1,1,1,3,F0061,34.44,88.32
C0210-B01,CRL,,1,0,0,0,F0061,34.44,88.32
C0216-B01,TRL,4.0,1,1,1,3,F0400,30.45,34.75
C0216-B01,CRL,,1,0,0,0,F0400,30.45,34.75
C0221-B01,TRL,4.0,1,1,1,3,F0139,92.93,56.77
C0221-B01,CRL,,1,0,0,0,F0139,92.93,56.77
C0246-B01,TRL,,1,0,0,0,F0085,69.36,81.4
C0246-B01,CRL,2.0,1,1,1,3,F0085,69.36,81.4
C0251-B01,TRL,4.0,1,1,1,3,F0110,70.86,97.32
C0251-B01,CRL,,1,0,0,0,F0110,70.86,97.32
C0254-B01,TRL,4.0,1,1,1,3,F0029,96.91,73.29
C0254-B01,CRL,,1,0,0,0,F0029,96.91,73.29
C0518-B01,TRL,4.0,1,1,1,3,F0351,96.47,26.41
C0518-B01,CRL,,1,0,0,0,F0351,96.47,26.41
C0278-B01,TRL,4.0,1,1,1,3,F0029,96.91,73.29
C0278-B01,CRL,,1,0,0,0,F0029,96.91,73.29
C0294-B01,TRL,4.0,1,1,1,3,F0243,68.27000000000001,94.69
C0294-B01,CRL,,1,0,0,0,F0243,68.27000000000001,94.69
C0684-B01,TRL,4.0,1,1,1,3,F0117,75.06000000000002,84.02000000000001
C0684-B01,CRL,,1,0,0,0,F0117,75.06000000000002,84.02000000000001
C0356-B01,TRL,2.0,1,1,1,1,F0098,74.71,98.68
C0356-B01,CRL,,1,0,0,0,F0098,74.71,98.68
C0435-B01,TRL,4.0,2,1,2,3,F0220,31.92,8.35
C0435-B01,CRL,2.0,2,1,1,3,F0220,31.92,8.35
C0443-B01,TRL,4.0,1,1,1,3,F0023,56.60999999999999,21.05
C0443-B01,CRL,,1,0,0,0,F0023,56.60999999999999,21.05
C0191-B02,TRL,,1,0,0,0,F0078,88.93,50.940000000000005
C0191-B02,CRL,2.0,1,1,1,3,F0078,88.93,50.940000000000005
C0665-B01,TRL,9.0,1,1,1,4,F0169,90.56,81.4
C0665-B01,CRL,3.0,1,1,1,3,F0169,90.56,81.4
C0098-B02,TRL,,1,0,0,0,F0023,56.60999999999999,21.05
C0098-B02,CRL,2.0,1,1,1,3,F0023,56.60999999999999,21.05
C0509-B01,TRL,,1,0,0,0,F0246,70.47,83.87
C0509-B01,CRL,2.0,1,1,1,3,F0246,70.47,83.87
C0246-B02,TRL,2.0,1,1,1,1,F0319,81.16000000000001,66.57999999999998
C0246-B02,CRL,,1,0,0,0,F0319,81.16000000000001,66.57999999999998
C0356-B02,TRL,2.0,1,1,1,1,F0233,22.19,56.77
C0356-B02,CRL,,1,0,0,0,F0233,22.19,56.77
C0124-B02,TRL,2.0,1,1,1,1,F0269,83.47,89.83
C0124-B02,CRL,,1,0,0,0,F0269,83.47,89.83
C0487-N01,TRL,4.0,1,1,1,3,F0139,92.93,56.77
C0487-N01,CRL,,1,0,0,0,F0139,92.93,56.77
C0490-N01,TRL,4.0,1,1,1,3,F0109,83.91,71.37
C0490-N01,CRL,,1,0,0,0,F0109,83.91,71.37
C0491-N01,TRL,4.0,1,1,1,3,F0351,96.47,26.41
C0491-N01,CRL,,1,0,0,0,F0351,96.47,26.41
C0492-N01,TRL,4.0,1,1,1,3,F0342,66.97000000000001,52.67
C0492-N01,CRL,,1,0,0,0,F0342,66.97000000000001,52.67
C0494-N01,TRL,4.0,1,1,1,3,F0463,74.58,78.58000000000001
C0494-N01,CRL,,1,0,0,0,F0463,74.58,78.58000000000001
C0495-N01,TRL,4.0,1,1,1,3,F0038,70.74000000000001,21.48
C0495-N01,CRL,,1,0,0,0,F0038,70.74000000000001,21.48
C0497-N01,TRL,4.0,1,1,1,3,F0332,6.47,13.19
C0497-N01,CRL,,1,0,0,0,F0332,6.47,13.19
C0499-N01,TRL,4.0,1,1,1,3,F0009,51.74000000000001,68.33
C0499-N01,CRL,,1,0,0,0,F0009,51.74000000000001,68.33
C0500-N01,TRL,4.0,1,1,1,3,F0268,21.3,49.92
C0500-N01,CRL,,1,0,0,0,F0268,21.3,49.92
C0501-N01,TRL,4.0,1,1,1,3,F0230,96.53,66.51
C0501-N01,CRL,,1,0,0,0,F0230,96.53,66.51
C0502-N01,TRL,4.0,1,1,1,3,F0401,27.53,98.28
C0502-N01,CRL,,1,0,0,0,F0401,27.53,98.28
C0504-N01,TRL,4.0,1,1,1,3,F0067,88.64000000000001,76.69
C0504-N01,CRL,,1,0,0,0,F0067,88.64000000000001,76.69
C0507-N01,TRL,4.0,1,1,1,3,F0324,49.91,61.28999999999999
C0507-N01,CRL,,1,0,0,0,F0324,49.91,61.28999999999999
C0510-N01,TRL,4.0,1,1,1,3,F0280,47.85,29.410000000000004
C0510-N01,CRL,,1,0,0,0,F0280,47.85,29.410000000000004
C0512-N01,TRL,4.0,1,1,1,3,F0347,71.66000000000001,30.19
C0512-N01,CRL,,1,0,0,0,F0347,71.66000000000001,30.19
C0513-N01,TRL,4.0,1,1,1,3,F0304,90.86,73.96999999999998
C0513-N01,CRL,,1,0,0,0,F0304,90.86,73.96999999999998
C0514-N01,TRL,4.0,1,1,1,3,F0189,29.74,65.86999999999999
C0514-N01,CRL,,1,0,0,0,F0189,29.74,65.86999999999999
C0515-N01,TRL,4.0,1,1,1,3,F0019,94.77,33.75
C0515-N01,CRL,,1,0,0,0,F0019,94.77,33.75
C0517-N01,TRL,4.0,1,1,1,3,F0430,35.47,23.640000000000004
C0517-N01,CRL,,1,0,0,0,F0430,35.47,23.640000000000004
C0519-N01,TRL,4.0,1,1,1,3,F0293,75.8,47.93
C0519-N01,CRL,,1,0,0,0,F0293,75.8,47.93
C0520-N01,TRL,1.0,1,1,1,1,F0230,96.53,66.51
C0520-N01,CRL,,1,0,0,0,F0230,96.53,66.51
C0521-N01,TRL,4.0,1,1,1,3,F0230,96.53,66.51
C0521-N01,CRL,,1,0,0,0,F0230,96.53,66.51
C0524-N01,TRL,,1,0,0,0,F0202,75.08,87.55
C0524-N01,CRL,,1,0,0,0,F0202,75.08,87.55
C0525-N01,TRL,4.0,1,1,1,3,F0085,69.36,81.4
C0525-N01,CRL,,1,0,0,0,F0085,69.36,81.4
C0529-N01,TRL,4.0,1,1,1,3,F0142,98.04,37.15
C0529-N01,CRL,,1,0,0,0,F0142,98.04,37.15
C0531-N01,TRL,4.0,1,1,1,3,F0142,98.04,37.15
C0531-N01,CRL,,1,0,0,0,F0142,98.04,37.15
C0532-N01,TRL,4.0,1,1,1,3,F0044,80.25000000000001,78.4
C0532-N01,CRL,,1,0,0,0,F0044,80.25000000000001,78.4
C0533-N01,TRL,4.0,1,1,1,3,F0232,29.280000000000005,8.780000000000001
C0533-N01,CRL,,1,0,0,0,F0232,29.280000000000005,8.780000000000001
C0535-N01,TRL,4.0,1,1,1,3,F0257,48.53000000000001,86.87
C0535-N01,CRL,,1,0,0,0,F0257,48.53000000000001,86.87
C0540-N01,TRL,6.0,1,1,1,4,F0092,13.130000000000004,15.39
C0540-N01,CRL,2.0,1,1,1,3,F0092,13.130000000000004,15.39
C0543-N01,TRL,4.0,1,1,1,3,F0304,90.86,73.96999999999998
C0543-N01,CRL,,1,0,0,0,F0304,90.86,73.96999999999998
C0546-N01,TRL,4.0,1,1,1,3,F0476,51.02000000000001,46.28
C0546-N01,CRL,,1,0,0,0,F0476,51.02000000000001,46.28
C0549-N01,TRL,4.0,1,1,1,3,F0048,31.25,54.48
C0549-N01,CRL,,1,0,0,0,F0048,31.25,54.48
C0552-N01,TRL,4.0,1,1,1,3,F0308,88.81,44.52
C0552-N01,CRL,,1,0,0,0,F0308,88.81,44.52
C0556-N01,TRL,4.0,1,1,1,3,F0364,93.69,20.43
C0556-N01,CRL,,1,0,0,0,F0364,93.69,20.43
C0559-N01,TRL,4.0,1,1,1,3,F0077,94.69,64.89
C0559-N01,CRL,,1,0,0,0,F0077,94.69,64.89
C0562-N01,TRL,4.0,1,1,1,3,F0257,48.53000000000001,86.87
C0562-N01,CRL,,1,0,0,0,F0257,48.53000000000001,86.87
C0565-N01,TRL,4.0,1,1,1,3,F0370,97.53,42.56999999999999
C0565-N01,CRL,,1,0,0,0,F0370,97.53,42.56999999999999
C0576-N01,TRL,4.0,1,1,1,3,F0208,96.23,65.97
C0576-N01,CRL,,1,0,0,0,F0208,96.23,65.97
C0579-N01,TRL,4.0,1,1,1,3,F0476,51.02000000000001,46.28
C0579-N01,CRL,,1,0,0,0,F0476,51.02000000000001,46.28
C0582-N01,TRL,4.0,1,1,1,3,F0308,88.81,44.52
C0582-N01,CRL,,1,0,0,0,F0308,88.81,44.52
C0585-N01,TRL,4.0,1,1,1,3,F0128,76.95,36.64
C0585-N01,CRL,,1,0,0,0,F0128,76.95,36.64
C0588-N01,TRL,,1,0,0,0,F0061,34.44,88.32
C0588-N01,CRL,,1,0,0,0,F0061,34.44,88.32
C0591-N01,TRL,4.0,1,1,1,3,F0435,27.11,65.78
C0591-N01,CRL,,1,0,0,0,F0435,27.11,65.78
C0597-N01,TRL,4.0,1,1,1,3,F0415,86.77,10.5
C0597-N01,CRL,,1,0,0,0,F0415,86.77,10.5
C0600-N01,TRL,4.0,1,1,1,3,F0077,94.69,64.89
C0600-N01,CRL,,1,0,0,0,F0077,94.69,64.89
C0603-N01,TRL,4.0,1,1,1,3,F0281,39.8,4.45
C0603-N01,CRL,,1,0,0,0,F0281,39.8,4.45
C0606-N01,TRL,4.0,1,1,1,3,F0224,76.69,76.85
C0606-N01,CRL,,1,0,0,0,F0224,76.69,76.85
C0609-N01,TRL,4.0,1,1,1,3,F0241,57.05,77.19999999999999
C0609-N01,CRL,,1,0,0,0,F0241,57.05,77.19999999999999
C0616-N01,TRL,4.0,1,1,1,3,F0293,75.8,47.93
C0616-N01,CRL,,1,0,0,0,F0293,75.8,47.93
C0627-N01,TRL,4.0,1,1,1,3,F0009,51.74000000000001,68.33
C0627-N01,CRL,,1,0,0,0,F0009,51.74000000000001,68.33
C0632-N01,TRL,4.0,1,1,1,3,F0067,88.64000000000001,76.69
C0632-N01,CRL,,1,0,0,0,F0067,88.64000000000001,76.69
C0637-N01,TRL,4.0,1,1,1,3,F0135,78.48,84.05
C0637-N01,CRL,,1,0,0,0,F0135,78.48,84.05
C0644-N01,TRL,4.0,1,1,1,3,F0446,91.06,51.080000000000005
C0644-N01,CRL,,1,0,0,0,F0446,91.06,51.080000000000005
C0650-N01,TRL,4.0,1,1,1,3,F0432,68.21000000000001,66.66
C0650-N01,CRL,,1,0,0,0,F0432,68.21000000000001,66.66
C0661-N01,TRL,4.0,1,1,1,3,F0347,71.66000000000001,30.19
C0661-N01,CRL,,1,0,0,0,F0347,71.66000000000001,30.19
C0667-N01,TRL,4.0,1,1,1,3,F0495,47.81,89.30999999999999
C0667-N01,CRL,,1,0,0,0,F0495,47.81,89.30999999999999
C0673-N01,TRL,4.0,1,1,1,3,F0230,96.53,66.51
C0673-N01,CRL,,1,0,0,0,F0230,96.53,66.51
C0679-N01,TRL,4.0,1,1,1,3,F0050,44.56,37.16
C0679-N01,CRL,,1,0,0,0,F0050,44.56,37.16
C0685-N01,TRL,2.0,1,1,1,1,F0037,66.14999999999999,5.339999999999999
C0685-N01,CRL,,1,0,0,0,F0037,66.14999999999999,5.339999999999999
C0690-N01,TRL,2.0,1,1,1,1,F0314,27.37,8.98
C0690-N01,CRL,,1,0,0,0,F0314,27.37,8.98
C0657-N01,TRL,4.0,1,1,1,3,F0243,68.27000000000001,94.69
C0657-N01,CRL,,1,0,0,0,F0243,68.27000000000001,94.69
C0660-N01,TRL,4.0,1,1,1,3,F0421,83.05,29.79
C0660-N01,CRL,,1,0,0,0,F0421,83.05,29.79
C0697-N01,TRL,4.0,1,1,1,3,F0351,96.47,26.41
C0697-N01,CRL,,1,0,0,0,F0351,96.47,26.41
C0703-N01,TRL,4.0,1,1,1,3,F0189,29.74,65.86999999999999
C0703-N01,CRL,,1,0,0,0,F0189,29.74,65.86999999999999
C0708-N01,TRL,2.0,1,1,1,1,F0241,57.05,77.19999999999999
C0708-N01,CRL,,1,0,0,0,F0241,57.05,77.19999999999999
C0713-N01,TRL,4.0,1,1,1,3,F0253,88.32,75.74
C0713-N01,CRL,,1,0,0,0,F0253,88.32,75.74
C0718-N01,TRL,2.0,1,1,1,1,F0215,23.64,97.13
C0718-N01,CRL,,1,0,0,0,F0215,23.64,97.13
C0725-N01,TRL,4.0,1,1,1,3,F0346,92.5,53.400000000000006
C0725-N01,CRL,,1,0,0,0,F0346,92.5,53.400000000000006
C0737-N01,TRL,4.0,1,1,1,3,F0379,80.04,58.89
C0737-N01,CRL,,1,0,0,0,F0379,80.04,58.89
C0742-N01,TRL,4.0,1,1,1,3,F0089,66.08999999999999,39.790000000000006
C0742-N01,CRL,,1,0,0,0,F0089,66.08999999999999,39.790000000000006
C0747-N01,TRL,4.0,1,1,1,3,F0037,66.14999999999999,5.339999999999999
C0747-N01,CRL,,1,0,0,0,F0037,66.14999999999999,5.339999999999999
W001,TRL,9.0,1,1,1,4,F0184,80.04,80.05
W001,CRL,3.0,1,1,1,3,F0184,80.04,80.05
W002,TRL,9.0,1,1,1,4,F0257,48.53000000000001,86.87
W002,CRL,3.0,1,1,1,3,F0257,48.53000000000001,86.87
W003,TRL,9.0,1,1,1,4,F0316,73.05,7.71
W003,CRL,3.0,1,1,1,3,F0316,73.05,7.71
W004,TRL,9.0,1,1,1,4,F0023,56.60999999999999,21.05
W004,CRL,2.0,1,1,1,3,F0023,56.60999999999999,21.05
W005,TRL,9.0,1,1,1,4,F0169,90.56,81.4
W005,CRL,2.0,1,1,1,3,F0169,90.56,81.4
W006,TRL,9.0,1,1,1,4,F0234,66.72,51.16
W006,CRL,2.0,1,1,1,3,F0234,66.72,51.16
W007,TRL,9.0,1,1,1,4,F0073,71.65,96.01
W007,CRL,2.0,1,1,1,3,F0073,71.65,96.01
W008,TRL,9.0,1,1,1,4,F0450,36.67,26.3
W008,CRL,2.0,1,1,1,3,F0450,36.67,26.3
W009,TRL,,1,0,0,0,F0257,48.53000000000001,86.87
W009,CRL,3.0,1,1,1,3,F0257,48.53000000000001,86.87
W010,TRL,,1,0,0,0,F0073,71.65,96.01
W010,CRL,2.0,1,1,1,3,F0073,71.65,96.01
W011,TRL,,1,0,0,0,F0482,90.25,57.82999999999999
W011,CRL,,1,0,0,0,F0482,90.25,57.82999999999999
W012,TRL,,1,0,0,0,F0442,84.22,57.60999999999999
W012,CRL,2.0,1,1,1,3,F0442,84.22,57.60999999999999
W013,TRL,,1,0,0,0,F0304,90.86,73.96999999999998
W013,CRL,3.0,1,1,1,3,F0304,90.86,73.96999999999998
W014,TRL,9.0,1,1,1,4,F0277,13.55,95.23
W014,CRL,3.0,1,1,1,3,F0277,13.55,95.23
W015,TRL,9.0,1,1,1,4,F0181,46.78,2.79
W015,CRL,,1,0,0,0,F0181,46.78,2.79
W016,TRL,,1,0,0,0,F0234,66.72,51.16
W016,CRL,3.0,1,1,1,3,F0234,66.72,51.16
W017,TRL,,1,0,0,0,F0266,80.11000000000001,55.77
W017,CRL,2.0,1,1,1,3,F0266,80.11000000000001,55.77
W018,TRL,9.0,1,1,1,4,F0076,65.14,78.19999999999999
W018,CRL,2.0,1,1,1,3,F0076,65.14,78.19999999999999
