top_k,cosine_min,top1_margin_min,entity_type,retained_entities,candidate_links,covered_topics,theme_trl_assigned,theme_crl_assigned,mapping_still_requires_semantic_review
1,0.0,0.0,case,122,122,86,0,0,True
1,0.0,0.0,direction,391,391,114,0,0,True
1,0.0,0.01,case,57,57,46,0,0,True
1,0.0,0.01,direction,109,109,48,0,0,True
1,0.0,0.02,case,30,30,25,0,0,True
1,0.0,0.02,direction,27,27,22,0,0,True
1,0.6,0.0,case,122,122,86,0,0,True
1,0.6,0.0,direction,391,391,114,0,0,True
1,0.6,0.01,case,57,57,46,0,0,True
1,0.6,0.01,direction,109,109,48,0,0,True
1,0.6,0.02,case,30,30,25,0,0,True
1,0.6,0.02,direction,27,27,22,0,0,True
1,0.65,0.0,case,120,120,85,0,0,True
1,0.65,0.0,direction,311,311,95,0,0,True
1,0.65,0.01,case,57,57,46,0,0,True
1,0.65,0.01,direction,93,93,45,0,0,True
1,0.65,0.02,case,30,30,25,0,0,True
1,0.65,0.02,direction,26,26,21,0,0,True
1,0.7,0.0,case,100,100,74,0,0,True
1,0.7,0.0,direction,30,30,21,0,0,True
1,0.7,0.01,case,53,53,42,0,0,True
1,0.7,0.01,direction,13,13,10,0,0,True
1,0.7,0.02,case,29,29,24,0,0,True
1,0.7,0.02,direction,6,6,5,0,0,True
1,0.75,0.0,case,47,47,37,0,0,True
1,0.75,0.0,direction,1,1,1,0,0,True
1,0.75,0.01,case,29,29,24,0,0,True
1,0.75,0.01,direction,1,1,1,0,0,True
1,0.75,0.02,case,19,19,15,0,0,True
1,0.75,0.02,direction,1,1,1,0,0,True
3,0.0,0.0,case,122,366,196,0,0,True
3,0.0,0.0,direction,391,1173,222,0,0,True
3,0.0,0.01,case,57,171,116,0,0,True
3,0.0,0.01,direction,109,327,120,0,0,True
3,0.0,0.02,case,30,90,70,0,0,True
3,0.0,0.02,direction,27,81,61,0,0,True
3,0.6,0.0,case,122,366,196,0,0,True
3,0.6,0.0,direction,391,1169,222,0,0,True
3,0.6,0.01,case,57,171,116,0,0,True
3,0.6,0.01,direction,109,324,118,0,0,True
3,0.6,0.02,case,30,90,70,0,0,True
3,0.6,0.02,direction,27,79,59,0,0,True
3,0.65,0.0,case,120,354,192,0,0,True
3,0.65,0.0,direction,311,829,189,0,0,True
3,0.65,0.01,case,57,165,112,0,0,True
3,0.65,0.01,direction,93,225,96,0,0,True
3,0.65,0.02,case,30,88,69,0,0,True
3,0.65,0.02,direction,26,56,44,0,0,True
3,0.7,0.0,case,100,271,157,0,0,True
3,0.7,0.0,direction,30,51,40,0,0,True
3,0.7,0.01,case,53,143,99,0,0,True
3,0.7,0.01,direction,13,15,11,0,0,True
3,0.7,0.02,case,29,76,60,0,0,True
3,0.7,0.02,direction,6,7,6,0,0,True
3,0.75,0.0,case,47,84,63,0,0,True
3,0.75,0.0,direction,1,1,1,0,0,True
3,0.75,0.01,case,29,45,39,0,0,True
3,0.75,0.01,direction,1,1,1,0,0,True
3,0.75,0.02,case,19,26,21,0,0,True
3,0.75,0.02,direction,1,1,1,0,0,True
